{
	"partitions" : [
		{
			"name" : "Top",
			"pins" : [
				{
					"name" : "SCLK",
					"strict" : false
				},
				{
					"name" : "SDIN",
					"strict" : false
				},
				{
					"name" : "CLOCK50M",
					"strict" : false
				},
				{
					"name" : "RESET",
					"strict" : false
				},
				{
					"name" : "InitialiseTransfer",
					"strict" : false
				},
				{
					"name" : "message[15]",
					"strict" : false
				},
				{
					"name" : "message[14]",
					"strict" : false
				},
				{
					"name" : "message[13]",
					"strict" : false
				},
				{
					"name" : "message[12]",
					"strict" : false
				},
				{
					"name" : "message[11]",
					"strict" : false
				},
				{
					"name" : "message[10]",
					"strict" : false
				},
				{
					"name" : "message[9]",
					"strict" : false
				},
				{
					"name" : "message[8]",
					"strict" : false
				},
				{
					"name" : "message[7]",
					"strict" : false
				},
				{
					"name" : "message[6]",
					"strict" : false
				},
				{
					"name" : "message[5]",
					"strict" : false
				},
				{
					"name" : "message[4]",
					"strict" : false
				},
				{
					"name" : "message[3]",
					"strict" : false
				},
				{
					"name" : "message[2]",
					"strict" : false
				},
				{
					"name" : "message[1]",
					"strict" : false
				},
				{
					"name" : "message[0]",
					"strict" : false
				}
			]
		}
	]
}